{
    "loss": 18.400264739990234,
    "accuracy": 0.5686274766921997
}