{
    "loss": 47.29230880737305,
    "accuracy": 0.5686274766921997
}